{
    "compute": {
        "bluebox": {
            "1gb": 0.15,
            "2gb": 0.25,
            "4gb": 0.35,
            "8gb": 0.45
        },
        "cloudsigma_lvs": {
            "high-cpu-extra-large": 0.0,
            "high-cpu-medium": 0.0,
            "high-memory-double-extra-large": 0.0,
            "high-memory-extra-large": 0.0,
            "micro-high-cpu": 0.0,
            "micro-regular": 0.0,
            "standard-extra-large": 0.0,
            "standard-large": 0.0,
            "standard-small": 0.0
        },
        "cloudsigma_zrh": {
            "high-cpu-extra-large": 0.78,
            "high-cpu-medium": 0.211,
            "high-memory-double-extra-large": 1.383,
            "high-memory-extra-large": 0.642,
            "micro-high-cpu": 0.381,
            "micro-regular": 0.0548,
            "standard-extra-large": 0.762,
            "standard-large": 0.381,
            "standard-small": 0.0796
        },
        "dreamhost": {
            "default": 115,
            "high": 150,
            "low": 50,
            "maximum": 200,
            "minimum": 15
        },
        "ec2_ap_northeast": {
            "c1.medium": "0.158",
            "c1.xlarge": "0.632",
            "c3.2xlarge": "0.511",
            "c3.4xlarge": "1.021",
            "c3.8xlarge": "2.043",
            "c3.large": "0.128",
            "c3.xlarge": "0.255",
            "c4.2xlarge": "0.588",
            "c4.4xlarge": "1.176",
            "c4.8xlarge": "2.352",
            "c4.large": "0.147",
            "c4.xlarge": "0.294",
            "cc2.8xlarge": "2.349",
            "cr1.8xlarge": "4.105",
            "d2.2xlarge": "1.688",
            "d2.4xlarge": "3.376",
            "d2.8xlarge": "6.752",
            "d2.xlarge": "0.844",
            "g2.2xlarge": "0.898",
            "hi1.4xlarge": "3.276",
            "hs1.8xlarge": "5.400",
            "i2.2xlarge": "2.001",
            "i2.4xlarge": "4.002",
            "i2.8xlarge": "8.004",
            "i2.xlarge": "1.001",
            "m1.large": "0.243",
            "m1.medium": "0.122",
            "m1.small": "0.061",
            "m1.xlarge": "0.486",
            "m2.2xlarge": "0.575",
            "m2.4xlarge": "1.150",
            "m2.xlarge": "0.287",
            "m3.2xlarge": "0.810",
            "m3.large": "0.203",
            "m3.medium": "0.101",
            "m3.xlarge": "0.405",
            "r3.2xlarge": "0.840",
            "r3.4xlarge": "1.680",
            "r3.8xlarge": "3.360",
            "r3.large": "0.210",
            "r3.xlarge": "0.420",
            "t1.micro": "0.026",
            "t2.medium": "0.080",
            "t2.micro": "0.020",
            "t2.small": "0.040"
        },
        "ec2_ap_southeast": {
            "c1.medium": "0.164",
            "c1.xlarge": "0.655",
            "c3.2xlarge": "0.529",
            "c3.4xlarge": "1.058",
            "c3.8xlarge": "2.117",
            "c3.large": "0.132",
            "c3.xlarge": "0.265",
            "c4.2xlarge": "0.608",
            "c4.4xlarge": "1.216",
            "c4.8xlarge": "2.432",
            "c4.large": "0.152",
            "c4.xlarge": "0.304",
            "d2.2xlarge": "1.740",
            "d2.4xlarge": "3.480",
            "d2.8xlarge": "6.960",
            "d2.xlarge": "0.870",
            "g2.2xlarge": "1.000",
            "hi1.4xlarge": "N/A",
            "hs1.8xlarge": "5.570",
            "i2.2xlarge": "2.035",
            "i2.4xlarge": "4.070",
            "i2.8xlarge": "8.140",
            "i2.xlarge": "1.018",
            "m1.large": "0.233",
            "m1.medium": "0.117",
            "m1.small": "0.058",
            "m1.xlarge": "0.467",
            "m2.2xlarge": "0.592",
            "m2.4xlarge": "1.183",
            "m2.xlarge": "0.296",
            "m3.2xlarge": "0.784",
            "m3.large": "0.196",
            "m3.medium": "0.098",
            "m3.xlarge": "0.392",
            "r3.2xlarge": "0.840",
            "r3.4xlarge": "1.680",
            "r3.8xlarge": "3.360",
            "r3.large": "0.210",
            "r3.xlarge": "0.420",
            "t1.micro": "0.020",
            "t2.medium": "0.080",
            "t2.micro": "0.020",
            "t2.small": "0.040"
        },
        "ec2_ap_southeast_2": {
            "c1.medium": "0.164",
            "c1.xlarge": "0.655",
            "c3.2xlarge": "0.529",
            "c3.4xlarge": "1.058",
            "c3.8xlarge": "2.117",
            "c3.large": "0.132",
            "c3.xlarge": "0.265",
            "c4.2xlarge": "0.608",
            "c4.4xlarge": "1.216",
            "c4.8xlarge": "2.432",
            "c4.large": "0.152",
            "c4.xlarge": "0.304",
            "d2.2xlarge": "1.740",
            "d2.4xlarge": "3.480",
            "d2.8xlarge": "6.960",
            "d2.xlarge": "0.870",
            "g2.2xlarge": "0.898",
            "hi1.4xlarge": "N/A",
            "hs1.8xlarge": "5.570",
            "i2.2xlarge": "2.035",
            "i2.4xlarge": "4.070",
            "i2.8xlarge": "8.140",
            "i2.xlarge": "1.018",
            "m1.large": "0.233",
            "m1.medium": "0.117",
            "m1.small": "0.058",
            "m1.xlarge": "0.467",
            "m2.2xlarge": "0.592",
            "m2.4xlarge": "1.183",
            "m2.xlarge": "0.296",
            "m3.2xlarge": "0.784",
            "m3.large": "0.196",
            "m3.medium": "0.098",
            "m3.xlarge": "0.392",
            "r3.2xlarge": "0.840",
            "r3.4xlarge": "1.680",
            "r3.8xlarge": "3.360",
            "r3.large": "0.210",
            "r3.xlarge": "0.420",
            "t1.micro": "0.020",
            "t2.medium": "0.080",
            "t2.micro": "0.020",
            "t2.small": "0.040"
        },
        "ec2_eu_central": {
            "c3.2xlarge": "0.516",
            "c3.4xlarge": "1.032",
            "c3.8xlarge": "2.064",
            "c3.large": "0.129",
            "c3.xlarge": "0.258",
            "c4.2xlarge": "0.592",
            "c4.4xlarge": "1.184",
            "c4.8xlarge": "2.368",
            "c4.large": "0.148",
            "c4.xlarge": "0.296",
            "d2.2xlarge": "1.588",
            "d2.4xlarge": "3.176",
            "d2.8xlarge": "6.352",
            "d2.xlarge": "0.794",
            "g2.2xlarge": null,
            "i2.2xlarge": "2.026",
            "i2.4xlarge": "4.051",
            "i2.8xlarge": "8.102",
            "i2.xlarge": "1.013",
            "m3.2xlarge": "0.665",
            "m3.large": "0.166",
            "m3.medium": "0.083",
            "m3.xlarge": "0.332",
            "r3.2xlarge": "0.842",
            "r3.4xlarge": "1.684",
            "r3.8xlarge": "3.369",
            "r3.large": "0.210",
            "r3.xlarge": "0.421",
            "t2.medium": "0.060",
            "t2.micro": "0.015",
            "t2.small": "0.030"
        },
        "ec2_eu_west": {
            "c1.medium": "0.148",
            "c1.xlarge": "0.592",
            "c3.2xlarge": "0.478",
            "c3.4xlarge": "0.956",
            "c3.8xlarge": "1.912",
            "c3.large": "0.120",
            "c3.xlarge": "0.239",
            "c4.2xlarge": "0.528",
            "c4.4xlarge": "1.056",
            "c4.8xlarge": "2.112",
            "c4.large": "0.132",
            "c4.xlarge": "0.264",
            "cc2.8xlarge": "2.250",
            "cg1.4xlarge": "2.360",
            "cr1.8xlarge": "3.750",
            "d2.2xlarge": "1.470",
            "d2.4xlarge": "2.940",
            "d2.8xlarge": "5.880",
            "d2.xlarge": "0.735",
            "g2.2xlarge": "0.702",
            "hi1.4xlarge": "3.100",
            "hs1.8xlarge": "4.900",
            "i2.2xlarge": "1.876",
            "i2.4xlarge": "3.751",
            "i2.8xlarge": "7.502",
            "i2.xlarge": "0.938",
            "m1.large": "0.190",
            "m1.medium": "0.095",
            "m1.small": "0.047",
            "m1.xlarge": "0.379",
            "m2.2xlarge": "0.550",
            "m2.4xlarge": "1.100",
            "m2.xlarge": "0.275",
            "m3.2xlarge": "0.616",
            "m3.large": "0.154",
            "m3.medium": "0.077",
            "m3.xlarge": "0.308",
            "r3.2xlarge": "0.780",
            "r3.4xlarge": "1.560",
            "r3.8xlarge": "3.120",
            "r3.large": "0.195",
            "r3.xlarge": "0.390",
            "t1.micro": "0.020",
            "t2.medium": "0.056",
            "t2.micro": "0.014",
            "t2.small": "0.028"
        },
        "ec2_sa_east": {
            "c1.medium": "0.179",
            "c1.xlarge": "0.718",
            "c3.2xlarge": "0.650",
            "c3.4xlarge": "1.300",
            "c3.8xlarge": "2.600",
            "c3.large": "0.163",
            "c3.xlarge": "0.325",
            "hi1.4xlarge": "N/A",
            "hs1.8xlarge": "N/A",
            "m1.large": "0.233",
            "m1.medium": "0.117",
            "m1.small": "0.058",
            "m1.xlarge": "0.467",
            "m2.2xlarge": "0.645",
            "m2.4xlarge": "1.291",
            "m2.xlarge": "0.323",
            "m3.2xlarge": "0.761",
            "m3.large": "0.190",
            "m3.medium": "0.095",
            "m3.xlarge": "0.381",
            "t1.micro": "0.027",
            "t2.medium": "0.108",
            "t2.micro": "0.027",
            "t2.small": "0.054"
        },
        "ec2_us_east": {
            "c1.medium": "0.130",
            "c1.xlarge": "0.520",
            "c3.2xlarge": "0.420",
            "c3.4xlarge": "0.840",
            "c3.8xlarge": "1.680",
            "c3.large": "0.105",
            "c3.xlarge": "0.210",
            "c4.2xlarge": "0.464",
            "c4.4xlarge": "0.928",
            "c4.8xlarge": "1.856",
            "c4.large": "0.116",
            "c4.xlarge": "0.232",
            "cc2.8xlarge": "2.000",
            "cg1.4xlarge": "2.100",
            "cr1.8xlarge": "3.500",
            "d2.2xlarge": "1.380",
            "d2.4xlarge": "2.760",
            "d2.8xlarge": "5.520",
            "d2.xlarge": "0.690",
            "g2.2xlarge": "0.650",
            "hi1.4xlarge": "3.100",
            "hs1.8xlarge": "4.600",
            "i2.2xlarge": "1.705",
            "i2.4xlarge": "3.410",
            "i2.8xlarge": "6.820",
            "i2.xlarge": "0.853",
            "m1.large": "0.175",
            "m1.medium": "0.087",
            "m1.small": "0.044",
            "m1.xlarge": "0.350",
            "m2.2xlarge": "0.490",
            "m2.4xlarge": "0.980",
            "m2.xlarge": "0.245",
            "m3.2xlarge": "0.560",
            "m3.large": "0.140",
            "m3.medium": "0.070",
            "m3.xlarge": "0.280",
            "r3.2xlarge": "0.700",
            "r3.4xlarge": "1.400",
            "r3.8xlarge": "2.800",
            "r3.large": "0.175",
            "r3.xlarge": "0.350",
            "t1.micro": "0.020",
            "t2.medium": "0.052",
            "t2.micro": "0.013",
            "t2.small": "0.026"
        },
        "ec2_us_govwest": {
            "c1.medium": "0.157",
            "c1.xlarge": "0.628",
            "c3.2xlarge": "0.504",
            "c3.4xlarge": "1.008",
            "c3.8xlarge": "2.016",
            "c3.large": "0.126",
            "c3.xlarge": "0.252",
            "cc2.8xlarge": "2.250",
            "hi1.4xlarge": "N/A",
            "hs1.8xlarge": "5.520",
            "i2.2xlarge": "2.046",
            "i2.4xlarge": "4.092",
            "i2.8xlarge": "8.184",
            "i2.xlarge": "1.023",
            "m1.large": "0.211",
            "m1.medium": "0.106",
            "m1.small": "0.053",
            "m1.xlarge": "0.423",
            "m2.2xlarge": "0.586",
            "m2.4xlarge": "1.171",
            "m2.xlarge": "0.293",
            "m3.2xlarge": "0.672",
            "m3.large": "0.168",
            "m3.medium": "0.084",
            "m3.xlarge": "0.336",
            "r3.2xlarge": "0.840",
            "r3.4xlarge": "1.680",
            "r3.8xlarge": "3.360",
            "r3.large": "0.210",
            "r3.xlarge": "0.420",
            "t1.micro": "0.024",
            "t2.medium": "0.062",
            "t2.micro": "0.015",
            "t2.small": "0.031"
        },
        "ec2_us_west": {
            "c1.medium": "0.148",
            "c1.xlarge": "0.592",
            "c3.2xlarge": "0.478",
            "c3.4xlarge": "0.956",
            "c3.8xlarge": "1.912",
            "c3.large": "0.120",
            "c3.xlarge": "0.239",
            "c4.2xlarge": "0.552",
            "c4.4xlarge": "1.104",
            "c4.8xlarge": "2.208",
            "c4.large": "0.138",
            "c4.xlarge": "0.276",
            "g2.2xlarge": "0.702",
            "hi1.4xlarge": "N/A",
            "hs1.8xlarge": "N/A",
            "i2.2xlarge": "1.876",
            "i2.4xlarge": "3.751",
            "i2.8xlarge": "7.502",
            "i2.xlarge": "0.938",
            "m1.large": "0.190",
            "m1.medium": "0.095",
            "m1.small": "0.047",
            "m1.xlarge": "0.379",
            "m2.2xlarge": "0.550",
            "m2.4xlarge": "1.100",
            "m2.xlarge": "0.275",
            "m3.2xlarge": "0.616",
            "m3.large": "0.154",
            "m3.medium": "0.077",
            "m3.xlarge": "0.308",
            "r3.2xlarge": "0.780",
            "r3.4xlarge": "1.560",
            "r3.8xlarge": "3.120",
            "r3.large": "0.195",
            "r3.xlarge": "0.390",
            "t1.micro": "0.025",
            "t2.medium": "0.068",
            "t2.micro": "0.017",
            "t2.small": "0.034"
        },
        "ec2_us_west_oregon": {
            "c1.medium": "0.130",
            "c1.xlarge": "0.520",
            "c3.2xlarge": "0.420",
            "c3.4xlarge": "0.840",
            "c3.8xlarge": "1.680",
            "c3.large": "0.105",
            "c3.xlarge": "0.210",
            "c4.2xlarge": "0.464",
            "c4.4xlarge": "0.928",
            "c4.8xlarge": "1.856",
            "c4.large": "0.116",
            "c4.xlarge": "0.232",
            "cc2.8xlarge": "2.000",
            "cr1.8xlarge": "3.500",
            "d2.2xlarge": "1.380",
            "d2.4xlarge": "2.760",
            "d2.8xlarge": "5.520",
            "d2.xlarge": "0.690",
            "g2.2xlarge": "0.650",
            "hi1.4xlarge": "3.100",
            "hs1.8xlarge": "4.600",
            "i2.2xlarge": "1.705",
            "i2.4xlarge": "3.410",
            "i2.8xlarge": "6.820",
            "i2.xlarge": "0.853",
            "m1.large": "0.175",
            "m1.medium": "0.087",
            "m1.small": "0.044",
            "m1.xlarge": "0.350",
            "m2.2xlarge": "0.490",
            "m2.4xlarge": "0.980",
            "m2.xlarge": "0.245",
            "m3.2xlarge": "0.560",
            "m3.large": "0.140",
            "m3.medium": "0.070",
            "m3.xlarge": "0.280",
            "r3.2xlarge": "0.700",
            "r3.4xlarge": "1.400",
            "r3.8xlarge": "2.800",
            "r3.large": "0.175",
            "r3.xlarge": "0.350",
            "t1.micro": "0.020",
            "t2.medium": "0.052",
            "t2.micro": "0.013",
            "t2.small": "0.026"
        },
        "elastichosts": {
            "extra-large": 0.579,
            "high-cpu-extra-large": 0.77,
            "high-cpu-medium": 0.18,
            "large": 0.378,
            "medium": 0.223,
            "small": 0.1
        },
        "gandi": {
            "1": 0.02,
            "large": 0.06,
            "medium": 0.03,
            "small": 0.02,
            "x-large": 0.12
        },
        "gogrid": {
            "16GB": 3.04,
            "1GB": 0.19,
            "24GB": 4.56,
            "2GB": 0.38,
            "4GB": 0.76,
            "512MB": 0.095,
            "8GB": 1.52
        },
        "nephoscale": {
            "1": 0.6,
            "11": 0.35,
            "27": 0.0,
            "3": 0.063,
            "46": 0.1,
            "48": 0.15,
            "5": 0.031,
            "50": 0.28,
            "52": 0.48,
            "54": 0.938,
            "56": 0.75,
            "7": 0.125,
            "9": 0.188
        },
        "nimbus": {
            "m1.large": 0.0,
            "m1.small": 0.0,
            "m1.xlarge": 0.0
        },
        "osc_inc_eu_west_1": {
            "c1.medium": "0.230",
            "c1.xlarge": "0.900",
            "cc1.4xlarge": "1.300",
            "cc2.8xlarge": "2.400",
            "cr1.8xlarge": "3.500",
            "m1.large": "0.360",
            "m1.medium": "0.120",
            "m1.small": "0.090",
            "m1.xlarge": "0.730",
            "m2.2xlarge": "0.820",
            "m2.4xlarge": "1.640",
            "m2.xlarge": "0.410",
            "m3.2xlarge": "1.560",
            "m3.xlarge": "0.780",
            "nv1.large": "5.490",
            "nv1.medium": "5.250",
            "nv1.small": "5.220",
            "nv1.xlarge": "5.610",
            "os1.8xlarge": "4.310",
            "t1.micro": "0.040"
        },
        "osc_inc_eu_west_3": {
            "c1.medium": "0.230",
            "c1.xlarge": "0.900",
            "cc1.4xlarge": "1.300",
            "cc2.8xlarge": "2.400",
            "cr1.8xlarge": "3.500",
            "m1.large": "0.360",
            "m1.medium": "0.120",
            "m1.small": "0.090",
            "m1.xlarge": "0.730",
            "m2.2xlarge": "0.820",
            "m2.4xlarge": "1.640",
            "m2.xlarge": "0.410",
            "m3.2xlarge": "1.560",
            "m3.xlarge": "0.780",
            "nv1.large": "5.490",
            "nv1.medium": "5.250",
            "nv1.small": "5.220",
            "nv1.xlarge": "5.610",
            "os1.8xlarge": "4.310",
            "t1.micro": "0.040"
        },
        "osc_inc_us_east_1": {
            "c1.medium": "0.150",
            "c1.xlarge": "0.580",
            "cc1.4xlarge": "1.610",
            "cc2.8xlarge": "2.400",
            "cr1.8xlarge": "3.500",
            "m1.large": "0.240",
            "m1.medium": "0.180",
            "m1.small": "0.060",
            "m1.xlarge": "0.730",
            "m2.2xlarge": "1.020",
            "m2.4xlarge": "2.040",
            "m2.xlarge": "0.410",
            "m3.2xlarge": "1.560",
            "m3.xlarge": "0.500",
            "nv1.large": "5.490",
            "nv1.medium": "5.250",
            "nv1.small": "5.190",
            "nv1.xlarge": "5.610",
            "os1.8xlarge": "6.400",
            "t1.micro": "0.020"
        },
        "osc_sas_eu_west_1": {
            "c1.medium": "0.230",
            "c1.xlarge": "0.900",
            "cc1.4xlarge": "1.460",
            "cc2.8xlarge": "2.700",
            "cr1.8xlarge": "3.750",
            "m1.large": "0.360",
            "m1.medium": "0.130",
            "m1.small": "0.090",
            "m1.xlarge": "0.730",
            "m2.2xlarge": "0.920",
            "m2.4xlarge": "1.840",
            "m2.xlarge": "0.460",
            "m3.2xlarge": "1.560",
            "m3.xlarge": "0.780",
            "nv1.large": "5.490",
            "nv1.medium": "5.310",
            "nv1.small": "5.220",
            "nv1.xlarge": "5.860",
            "os1.8xlarge": "6.400",
            "t1.micro": "0.040"
        },
        "osc_sas_eu_west_3": {
            "c1.medium": "0.230",
            "c1.xlarge": "0.900",
            "cc1.4xlarge": "1.460",
            "cc2.8xlarge": "2.700",
            "cr1.8xlarge": "3.750",
            "m1.large": "0.360",
            "m1.medium": "0.130",
            "m1.small": "0.090",
            "m1.xlarge": "0.730",
            "m2.2xlarge": "0.920",
            "m2.4xlarge": "1.840",
            "m2.xlarge": "0.460",
            "m3.2xlarge": "1.560",
            "m3.xlarge": "0.780",
            "nv1.large": "5.490",
            "nv1.medium": "5.310",
            "nv1.small": "5.220",
            "nv1.xlarge": "5.860",
            "os1.8xlarge": "6.400",
            "t1.micro": "0.040"
        },
        "osc_sas_us_east_1": {
            "c1.medium": "0.170",
            "c1.xlarge": "0.660",
            "cc1.4xlarge": "1.610",
            "cc2.8xlarge": "2.700",
            "cr1.8xlarge": "3.750",
            "m1.large": "0.260",
            "m1.medium": "0.180",
            "m1.small": "0.070",
            "m1.xlarge": "0.730",
            "m2.2xlarge": "1.020",
            "m2.4xlarge": "2.040",
            "m2.xlarge": "0.460",
            "m3.2xlarge": "1.560",
            "m3.xlarge": "0.550",
            "nv1.large": "5.490",
            "nv1.medium": "5.310",
            "nv1.small": "5.220",
            "nv1.xlarge": "5.860",
            "os1.8xlarge": "6.400",
            "t1.micro": "0.020"
        },
        "rackspace": {
            "1": 0.015,
            "2": 0.03,
            "3": 0.06,
            "4": 0.12,
            "5": 0.24,
            "6": 0.48,
            "7": 0.96,
            "8": 1.8,
            "performance1-1": 0.04,
            "performance1-2": 0.08,
            "performance1-4": 0.16,
            "performance1-8": 0.32,
            "performance2-120": 5.44,
            "performance2-15": 0.68,
            "performance2-30": 1.36,
            "performance2-60": 2.72,
            "performance2-90": 4.08
        },
        "rackspacenovalon": {
            "2": 0.032,
            "3": 0.064,
            "4": 0.129,
            "5": 0.258,
            "6": 0.516,
            "7": 0.967,
            "8": 1.612,
            "performance1-1": 0.04,
            "performance1-2": 0.08,
            "performance1-4": 0.16,
            "performance1-8": 0.32,
            "performance2-120": 5.44,
            "performance2-15": 0.68,
            "performance2-30": 1.36,
            "performance2-60": 2.72,
            "performance2-90": 4.08
        },
        "rackspacenovasyd": {
            "2": 0.026,
            "3": 0.072,
            "4": 0.144,
            "5": 0.288,
            "6": 0.576,
            "7": 1.08,
            "8": 1.44,
            "performance1-1": 0.04,
            "performance1-2": 0.08,
            "performance1-4": 0.16,
            "performance1-8": 0.32,
            "performance2-120": 5.44,
            "performance2-15": 0.68,
            "performance2-30": 1.36,
            "performance2-60": 2.72,
            "performance2-90": 4.08
        },
        "rackspacenovaus": {
            "2": 0.022,
            "3": 0.06,
            "4": 0.12,
            "5": 0.24,
            "6": 0.48,
            "7": 0.96,
            "8": 1.2,
            "performance1-1": 0.04,
            "performance1-2": 0.08,
            "performance1-4": 0.16,
            "performance1-8": 0.32,
            "performance2-120": 5.44,
            "performance2-15": 0.68,
            "performance2-30": 1.36,
            "performance2-60": 2.72,
            "performance2-90": 4.08
        },
        "serverlove": {
            "extra-large": 0.615,
            "high-cpu-extra-large": 0.776,
            "high-cpu-medium": 0.291,
            "large": 0.534,
            "medium": 0.404,
            "small": 0.161
        },
        "skalicloud": {
            "extra-large": 0.654,
            "high-cpu-extra-large": 0.936,
            "high-cpu-medium": 0.249,
            "large": 0.505,
            "medium": 0.301,
            "small": 0.136
        },
        "vps_net": {
            "1": 0.416
        }
    },
    "storage": {},
    "updated": 1427829652
}