<manifest>
    <version>2014-10-15</version>
    <file-format>VMDK</file-format>
    <importer>
        <name>ec2-import</name>
        <version>1.0.0</version>
        <release>2014-10-15</release>
    </importer>
    <self-destruct-url>https://wfbucketse.s3.amazonaws.com/l2fb8e59-6727-4896-a67b-2aba0809d2e9manifest.xml?Expires=1431943227&amp;AWSAccessKeyId=AKIAI3TRRZT6NVPWHVMQ&amp;Signature=Jv29S8nSvhnLagKO0XIAdp316sU%3D</self-destruct-url>
    <import>
        <size>12845568</size>
        <volume-size>1</volume-size>
        <parts count="1">
            <part index="0">
                <byte-range start="0" end="12845568"/>
                <key>foo_test_upload</key>
                <head-url>https://wfbucketse.s3.amazonaws.com/foo_test_upload?Expires=1431943227&amp;AWSAccessKeyId=AKIAI3TRRZT6NVPWHVMQ&amp;Signature=zPOUPclquDy6WYKXSXICRGMK340%3D</head-url>
                <get-url>https://wfbucketse.s3.amazonaws.com/foo_test_upload?Expires=1431943227&amp;AWSAccessKeyId=AKIAI3TRRZT6NVPWHVMQ&amp;Signature=Tto%2BrfOQHK11MnMOqLlouW0O87s%3D</get-url>
            </part>
        </parts>
    </import>
</manifest>